{"assets/images/all.png":["assets/images/all.png"],"assets/images/background.png":["assets/images/background.png"],"assets/images/camera.jpg":["assets/images/camera.jpg"],"assets/images/child.png":["assets/images/child.png"],"assets/images/clock.png":["assets/images/clock.png"],"assets/images/electro.png":["assets/images/electro.png"],"assets/images/empty.jpg":["assets/images/empty.jpg"],"assets/images/full.png":["assets/images/full.png"],"assets/images/headphones.jpg":["assets/images/headphones.jpg"],"assets/images/home.png":["assets/images/home.png"],"assets/images/icon_drowar.png":["assets/images/icon_drowar.png"],"assets/images/icon_logo.png":["assets/images/icon_logo.png"],"assets/images/light-1.png":["assets/images/light-1.png"],"assets/images/light-2.png":["assets/images/light-2.png"],"assets/images/logo.png":["assets/images/logo.png"],"assets/images/man.png":["assets/images/man.png"],"assets/images/men.png":["assets/images/men.png"],"assets/images/p1.jpg":["assets/images/p1.jpg"],"assets/images/p2.jpg":["assets/images/p2.jpg"],"assets/images/p3.jpg":["assets/images/p3.jpg"],"assets/images/p4.jpg":["assets/images/p4.jpg"],"assets/images/pets 1.png":["assets/images/pets 1.png"],"assets/images/phone.png":["assets/images/phone.png"],"assets/images/phone.svg":["assets/images/phone.svg"],"assets/images/playstation.jpg":["assets/images/playstation.jpg"],"assets/images/us_flag.png":["assets/images/us_flag.png"],"assets/images/woman (1).png":["assets/images/woman (1).png"],"packages/cupertino_icons/assets/CupertinoIcons.ttf":["packages/cupertino_icons/assets/CupertinoIcons.ttf"]}